<?xml version="1.0" encoding="UTF-8"?>
<metadata>
  <identifier>windowsxpstartup_201910</identifier>
  <mediatype>audio</mediatype>
  <collection>opensource_audio</collection>
  <creator>microsoft</creator>
  <date>2001</date>
  <description>These are all the sound effects from, the best version of windows, windows xp.</description>
  <scanner>Internet Archive HTML5 Uploader 1.6.4</scanner>
  <subject>windows xp</subject>
  <title>ALL Windows XP Sounds</title>
  <subject>windows</subject>
  <subject>sound</subject>
  <subject>dadadadd</subject>
  <subject>dada da dasa</subject>
  <publicdate>2019-10-10 21:23:31</publicdate>
  <uploader>samwinter2911@gmail.com</uploader>
  <addeddate>2019-10-10 21:23:31</addeddate>
  <curation>[curator]validator@archive.org[/curator][date]20191010212436[/date][comment]checked for malware[/comment]</curation>
  <backup_location>ia907003_14</backup_location>
  <collection>community</collection>
</metadata>
