<?xml version="1.0" encoding="UTF-8"?>
<files>
  <file name="Windows Feed Discovered.mp3" source="derivative">
    <bitrate>186</bitrate>
    <length>00:00</length>
    <format>VBR MP3</format>
    <original>Windows Feed Discovered.wav</original>
    <mtime>1570742921</mtime>
    <size>4772</size>
    <md5>0ad7e7cb4e98a27808639b66efe5dc63</md5>
    <crc32>c89da01c</crc32>
    <sha1>468403212f23b0453272df28739a9ed95617c086</sha1>
    <height>0</height>
    <width>0</width>
  </file>
  <file name="Windows Feed Discovered.wav" source="original">
    <mtime>1570742695</mtime>
    <size>19884</size>
    <md5>f56a39813e5c699722ce510793b8f056</md5>
    <crc32>d6ea5585</crc32>
    <sha1>dd1524bd1863fa326652681740c496218ea1e75f</sha1>
    <format>WAVE</format>
    <length>0.11</length>
    <height>0</height>
    <width>0</width>
    <track>10</track>
  </file>
  <file name="Windows Information Bar.wav" source="original">
    <mtime>1570742697</mtime>
    <size>23308</size>
    <md5>0d9e9c0a8b66b41442218e83d109f7b3</md5>
    <crc32>2f5686bd</crc32>
    <sha1>f5c9f1463c6fe09894a1b4a063ae2bfe8395acbf</sha1>
    <format>WAVE</format>
    <length>0.13</length>
    <height>0</height>
    <width>0</width>
    <track>11</track>
  </file>
  <file name="Windows Navigation Start.mp3" source="derivative">
    <bitrate>192</bitrate>
    <length>00:00</length>
    <format>VBR MP3</format>
    <original>Windows Navigation Start.wav</original>
    <mtime>1570742922</mtime>
    <size>3623</size>
    <md5>ddb4b930df3c315e9c5fe5027a1d7549</md5>
    <crc32>94ea6703</crc32>
    <sha1>dcd4d640e369a9a6f29dc1233b0b1b045a758766</sha1>
    <height>0</height>
    <width>0</width>
  </file>
  <file name="Windows Navigation Start.wav" source="original">
    <mtime>1570742701</mtime>
    <size>11340</size>
    <md5>b82aa79f496456ffc5b952b484af25f5</md5>
    <crc32>1019d519</crc32>
    <sha1>081a9fdbfa6c33c03e90d2e8f560d915672b789b</sha1>
    <format>WAVE</format>
    <length>0.06</length>
    <height>0</height>
    <width>0</width>
    <track>12</track>
  </file>
  <file name="Windows Pop-up Blocked.mp3" source="derivative">
    <bitrate>107</bitrate>
    <length>00:00</length>
    <format>VBR MP3</format>
    <original>Windows Pop-up Blocked.wav</original>
    <mtime>1570742886</mtime>
    <size>8083</size>
    <md5>663321cb1256237402af20504f4dc303</md5>
    <crc32>fec7fda7</crc32>
    <sha1>1b58f6fdd59374819ede04928164ebaebe95a20e</sha1>
    <height>0</height>
    <width>0</width>
  </file>
  <file name="Windows Pop-up Blocked.wav" source="original">
    <mtime>1570742704</mtime>
    <size>85548</size>
    <md5>871cbb63dda8c8673173d34b9d67b11e</md5>
    <crc32>52094d6c</crc32>
    <sha1>7538fae92e51379c0875a6a51bfe6ec7f1454dee</sha1>
    <format>WAVE</format>
    <length>0.48</length>
    <height>0</height>
    <width>0</width>
    <track>13</track>
  </file>
  <file name="Windows XP Balloon.mp3" source="derivative">
    <bitrate>84.8</bitrate>
    <length>00:00</length>
    <format>VBR MP3</format>
    <original>Windows XP Balloon.wav</original>
    <mtime>1570742906</mtime>
    <size>3335</size>
    <md5>5aef24c9a2ad3f94da0cfa6994fb0998</md5>
    <crc32>e2c7c520</crc32>
    <sha1>7d15d603187b674c07cdb3d06b97a1fab1163f85</sha1>
    <height>0</height>
    <width>0</width>
  </file>
  <file name="Windows XP Balloon.wav" source="original">
    <mtime>1570742707</mtime>
    <size>6400</size>
    <md5>b2b2093d0271ecf7017a7ed3c490efde</md5>
    <crc32>01deebef</crc32>
    <sha1>ee2154259706d6c9c2c5d752ed8409294f46a734</sha1>
    <format>WAVE</format>
    <length>0.14</length>
    <height>0</height>
    <width>0</width>
    <track>14</track>
  </file>
  <file name="Windows XP Battery Critical.mp3" source="derivative">
    <bitrate>80.6</bitrate>
    <length>00:00</length>
    <format>VBR MP3</format>
    <original>Windows XP Battery Critical.wav</original>
    <mtime>1570742895</mtime>
    <size>10332</size>
    <md5>0f939a07781d9674f59d6f6471c64bcb</md5>
    <crc32>cf1448fc</crc32>
    <sha1>ec8fadd59c16085da26b20d6b563ff8984b663ac</sha1>
    <height>0</height>
    <width>0</width>
  </file>
  <file name="Windows XP Battery Critical.wav" source="original">
    <mtime>1570742712</mtime>
    <size>36910</size>
    <md5>e221302bea8f7d6da1af46b0b630aa15</md5>
    <crc32>5b974e8b</crc32>
    <sha1>bba88fc28df7ae963a2773bd509414cdb6f059a6</sha1>
    <format>WAVE</format>
    <length>0.84</length>
    <height>0</height>
    <width>0</width>
    <track>15</track>
  </file>
  <file name="Windows XP Battery Low.mp3" source="derivative">
    <bitrate>72.6</bitrate>
    <length>00:01</length>
    <format>VBR MP3</format>
    <original>Windows XP Battery Low.wav</original>
    <mtime>1570742915</mtime>
    <size>12748</size>
    <md5>a4897c5e60b295a01f744b34f9be58b2</md5>
    <crc32>32984ac9</crc32>
    <sha1>3492af90bcf851a1d69d11a0a629b357096d3bb4</sha1>
    <height>0</height>
    <width>0</width>
  </file>
  <file name="Windows XP Battery Low.wav" source="original">
    <mtime>1570742716</mtime>
    <size>53864</size>
    <md5>0edb69701ffa5b1defc27304b4e8ab51</md5>
    <crc32>738c14ff</crc32>
    <sha1>b5f61eb0eb9b008e01584433c4e3f29bf6eb915e</sha1>
    <format>WAVE</format>
    <length>1.22</length>
    <height>0</height>
    <width>0</width>
    <track>16</track>
  </file>
  <file name="Windows XP Critical Stop.mp3" source="derivative">
    <bitrate>75.9</bitrate>
    <length>00:00</length>
    <format>VBR MP3</format>
    <original>Windows XP Critical Stop.wav</original>
    <mtime>1570742890</mtime>
    <size>10301</size>
    <md5>5223f557f65ba16e1fe4406dc2717dd5</md5>
    <crc32>b21b6de4</crc32>
    <sha1>d386847fd29031c159aba8a68189604d42d7cf3e</sha1>
    <height>0</height>
    <width>0</width>
  </file>
  <file name="Windows XP Critical Stop.wav" source="original">
    <mtime>1570742721</mtime>
    <size>39382</size>
    <md5>19b1fe35e57567843009857df3ba1cdb</md5>
    <crc32>b6730e4e</crc32>
    <sha1>f80815c6d8b832eea9f1e30473af13405d2effd3</sha1>
    <format>WAVE</format>
    <length>0.89</length>
    <height>0</height>
    <width>0</width>
    <track>17</track>
  </file>
  <file name="Windows XP Default.mp3" source="derivative">
    <bitrate>76.5</bitrate>
    <length>00:00</length>
    <format>VBR MP3</format>
    <original>Windows XP Default.wav</original>
    <mtime>1570742899</mtime>
    <size>7116</size>
    <md5>57fa19d0c54520e5f4ca96c6c1f50dd2</md5>
    <crc32>8b6b1919</crc32>
    <sha1>0516bdb3315636631703d5c5541ffcf1d4495f1f</sha1>
    <height>0</height>
    <width>0</width>
  </file>
  <file name="Windows XP Default.wav" source="original">
    <mtime>1570742724</mtime>
    <size>24530</size>
    <md5>1b1dc80ef6aaf0ed9e87cabbf7e9d904</md5>
    <crc32>3c20e6bf</crc32>
    <sha1>55bffb145e3743f2e59b65420d63e520bcb1bb7d</sha1>
    <format>WAVE</format>
    <length>0.56</length>
    <height>0</height>
    <width>0</width>
    <track>18</track>
  </file>
  <file name="Windows XP Ding.mp3" source="derivative">
    <bitrate>77.9</bitrate>
    <length>00:00</length>
    <format>VBR MP3</format>
    <original>Windows XP Ding.wav</original>
    <mtime>1570742908</mtime>
    <size>5447</size>
    <md5>c27db1a021b82b56c998d3ff74e0b0a4</md5>
    <crc32>2b23cbd5</crc32>
    <sha1>82de14d93ff46a140e9d2c3088cbc21d4241d811</sha1>
    <height>0</height>
    <width>0</width>
  </file>
  <file name="Windows XP Ding.wav" source="original">
    <mtime>1570742727</mtime>
    <size>17132</size>
    <md5>9a99222106590e258e430686765baadb</md5>
    <crc32>d28f1da3</crc32>
    <sha1>7a233db0b1963580b6c73d4afbf17bd987ba5aa1</sha1>
    <format>WAVE</format>
    <length>0.39</length>
    <height>0</height>
    <width>0</width>
    <track>19</track>
  </file>
  <file name="Windows XP Error.wav" source="original">
    <mtime>1570742733</mtime>
    <size>44136</size>
    <md5>199b5352639f3881890888b0df965beb</md5>
    <crc32>256b7f58</crc32>
    <sha1>b7ea34eacc164cfebbfdac6d03f50980e47fffed</sha1>
    <format>WAVE</format>
    <length>1</length>
    <height>0</height>
    <width>0</width>
    <track>20</track>
  </file>
  <file name="Windows XP Exclamation.mp3" source="derivative">
    <bitrate>74.7</bitrate>
    <length>00:01</length>
    <format>VBR MP3</format>
    <original>Windows XP Exclamation.wav</original>
    <mtime>1570742918</mtime>
    <size>10636</size>
    <md5>63482faf1109b06a665794e9cc4f9252</md5>
    <crc32>7c681d84</crc32>
    <sha1>4b0d301e2c4a59c57e2fca94c85578e25bfe24c4</sha1>
    <height>0</height>
    <width>0</width>
  </file>
  <file name="Windows XP Exclamation.wav" source="original">
    <mtime>1570742738</mtime>
    <size>42576</size>
    <md5>007b2d9d9755c599a54fbae3998770d2</md5>
    <crc32>bcb3d95a</crc32>
    <sha1>3414091508ed9929aca82718ffbe77529fc300f5</sha1>
    <format>WAVE</format>
    <length>0.96</length>
    <height>0</height>
    <width>0</width>
    <track>21</track>
  </file>
  <file name="Windows XP Hardware Fail.wav" source="original">
    <mtime>1570742747</mtime>
    <size>36614</size>
    <md5>498c59ab95be083ad3903dd52d74e829</md5>
    <crc32>67292ed3</crc32>
    <sha1>b903acf15e80799126e8296e014688e9cc453502</sha1>
    <format>WAVE</format>
    <length>0.83</length>
    <height>0</height>
    <width>0</width>
    <track>22</track>
  </file>
  <file name="Windows XP Hardware Insert.mp3" source="derivative">
    <bitrate>81</bitrate>
    <length>00:00</length>
    <format>VBR MP3</format>
    <original>Windows XP Hardware Insert.wav</original>
    <mtime>1570742913</mtime>
    <size>10120</size>
    <md5>1d7f2facfb64705e359af0ec227ae87c</md5>
    <crc32>aeaaa4c7</crc32>
    <sha1>30f678f38e74a359de08ba700f2fa30e629ba5ef</sha1>
    <height>0</height>
    <width>0</width>
  </file>
  <file name="Windows XP Hardware Insert.wav" source="original">
    <mtime>1570742751</mtime>
    <size>36636</size>
    <md5>3f3dbcde4543e7f3d886f9336f6530f9</md5>
    <crc32>87da288c</crc32>
    <sha1>7f2a1d9ae024260bcf634f09accdb925cd1f2fe9</sha1>
    <format>WAVE</format>
    <length>0.83</length>
    <height>0</height>
    <width>0</width>
    <track>23</track>
  </file>
  <file name="Windows XP Hardware Remove.mp3" source="derivative">
    <bitrate>79.9</bitrate>
    <length>00:00</length>
    <format>VBR MP3</format>
    <original>Windows XP Hardware Remove.wav</original>
    <mtime>1570742893</mtime>
    <size>9991</size>
    <md5>82705db5c91871f1b8ed7f36a330e62b</md5>
    <crc32>f8e356f4</crc32>
    <sha1>a5ba26e262570110893c39f1ac4452c0e1e28516</sha1>
    <height>0</height>
    <width>0</width>
  </file>
  <file name="Windows XP Hardware Remove.wav" source="original">
    <mtime>1570742755</mtime>
    <size>36538</size>
    <md5>3354701c24c31dd315b590a276cd49c4</md5>
    <crc32>6cc7aefa</crc32>
    <sha1>132d898247c7adfb260b2817b7985257e44b07fa</sha1>
    <format>WAVE</format>
    <length>0.83</length>
    <height>0</height>
    <width>0</width>
    <track>24</track>
  </file>
  <file name="Windows XP Information Bar.mp3" source="derivative">
    <bitrate>192</bitrate>
    <length>00:00</length>
    <format>VBR MP3</format>
    <original>Windows XP Information Bar.wav</original>
    <mtime>1570742859</mtime>
    <size>4899</size>
    <md5>e4956ca6ef4c461d5596d33adb688a8a</md5>
    <crc32>5abb6168</crc32>
    <sha1>5ddd1c8fab0cff2201708cd0ee6e8eef7d14fe4d</sha1>
    <height>0</height>
    <width>0</width>
  </file>
  <file name="Windows XP Information Bar.wav" source="original">
    <mtime>1570742758</mtime>
    <size>20336</size>
    <md5>67e506dd93af0324f458a53568e676e2</md5>
    <crc32>5903998b</crc32>
    <sha1>33ac7879a960300cc8d63ed42edb77a12d3c8104</sha1>
    <format>WAVE</format>
    <length>0.11</length>
    <height>0</height>
    <width>0</width>
    <track>25</track>
  </file>
  <file name="Windows XP Logoff Sound.mp3" source="derivative">
    <bitrate>125</bitrate>
    <length>00:02</length>
    <format>VBR MP3</format>
    <original>Windows XP Logoff Sound.wav</original>
    <mtime>1570742867</mtime>
    <size>33726</size>
    <md5>cb2c47712ab677b11f5f955c0920e358</md5>
    <crc32>41f3c5b4</crc32>
    <sha1>fe3b1f98f195804158d1328d0072948c9498bf7a</sha1>
    <height>0</height>
    <width>0</width>
  </file>
  <file name="Windows XP Logoff Sound.wav" source="original">
    <mtime>1570742761</mtime>
    <size>179704</size>
    <md5>af9533498aeea71e7ae1f6d59271a494</md5>
    <crc32>fe7fd057</crc32>
    <sha1>97c2ca97bef97c92a75ea9e4c2f53eb682c5edfc</sha1>
    <format>WAVE</format>
    <length>2.04</length>
    <height>0</height>
    <width>0</width>
    <track>26</track>
  </file>
  <file name="Windows XP Logon Sound.mp3" source="derivative">
    <bitrate>120</bitrate>
    <length>00:02</length>
    <format>VBR MP3</format>
    <original>Windows XP Logon Sound.wav</original>
    <mtime>1570742874</mtime>
    <size>34374</size>
    <md5>2910e3e768cc5ca9abdedda605cabc3d</md5>
    <crc32>fd2cab39</crc32>
    <sha1>e625cfabcd4bfe8228eee0194ec63f1ae2931516</sha1>
    <height>0</height>
    <width>0</width>
  </file>
  <file name="Windows XP Logon Sound.wav" source="original">
    <mtime>1570742764</mtime>
    <size>190208</size>
    <md5>840e7327fbb97cb8f005a65f2fde7450</md5>
    <crc32>59b794ca</crc32>
    <sha1>77c9e816c69918e18700304aa45934e389135473</sha1>
    <format>WAVE</format>
    <length>2.16</length>
    <height>0</height>
    <width>0</width>
    <track>27</track>
  </file>
  <file name="Windows XP Menu Command.mp3" source="derivative">
    <bitrate>97.8</bitrate>
    <length>00:00</length>
    <format>VBR MP3</format>
    <original>Windows XP Menu Command.wav</original>
    <mtime>1570742924</mtime>
    <size>2395</size>
    <md5>859799d261bdc1369d5ea7e6c47e8e0c</md5>
    <crc32>44864b5c</crc32>
    <sha1>e2d4a1db0ca13b41b4941d7c3e527b63c471e36c</sha1>
    <height>0</height>
    <width>0</width>
  </file>
  <file name="Windows XP Menu Command.wav" source="original">
    <mtime>1570742768</mtime>
    <size>1404</size>
    <md5>53a172ddbd16aa7accead0f5b263b70f</md5>
    <crc32>9ba089a3</crc32>
    <sha1>9709f2e532efb5b80c2c4ce70b9434a2f89d3cd3</sha1>
    <format>WAVE</format>
    <length>0.03</length>
    <height>0</height>
    <width>0</width>
    <track>28</track>
  </file>
  <file name="Windows XP Minimize.mp3" source="derivative">
    <bitrate>71</bitrate>
    <length>00:00</length>
    <format>VBR MP3</format>
    <original>Windows XP Minimize.wav</original>
    <mtime>1570742900</mtime>
    <size>6225</size>
    <md5>826536b7fece248cfdf78f1f9314dc4a</md5>
    <crc32>0f0eb960</crc32>
    <sha1>d1bdd60abdc17d29df159bf6fe767e023a3cee10</sha1>
    <height>0</height>
    <width>0</width>
  </file>
  <file name="Windows XP Minimize.wav" source="original">
    <mtime>1570742772</mtime>
    <size>22580</size>
    <md5>4195f08a3193f1b0635bdeb4ae7709dc</md5>
    <crc32>b17184cf</crc32>
    <sha1>716d32de66cd2870f37140efcc4c7115cb977464</sha1>
    <format>WAVE</format>
    <length>0.51</length>
    <height>0</height>
    <width>0</width>
    <track>29</track>
  </file>
  <file name="Windows XP Notify.mp3" source="derivative">
    <bitrate>73.8</bitrate>
    <length>00:01</length>
    <format>VBR MP3</format>
    <original>Windows XP Notify.wav</original>
    <mtime>1570742902</mtime>
    <size>11969</size>
    <md5>094e50f8380024cb02d75b50178c90f0</md5>
    <crc32>30c32df4</crc32>
    <sha1>ee92e5099e9bb09f495d6b6e9d0364c4caefd19a</sha1>
    <height>0</height>
    <width>0</width>
  </file>
  <file name="Windows XP Notify.wav" source="original">
    <mtime>1570742776</mtime>
    <size>48988</size>
    <md5>65255d264ffe09ea3c2cc9f466a8584e</md5>
    <crc32>873826b5</crc32>
    <sha1>a4ad6791a0108c16e5d799d417cdc0f5bb94b2fe</sha1>
    <format>WAVE</format>
    <length>1.11</length>
    <height>0</height>
    <width>0</width>
    <track>30</track>
  </file>
  <file name="Windows XP Pop-up Blocked.mp3" source="derivative">
    <bitrate>89.8</bitrate>
    <length>00:00</length>
    <format>VBR MP3</format>
    <original>Windows XP Pop-up Blocked.wav</original>
    <mtime>1570742911</mtime>
    <size>3465</size>
    <md5>858734bad9a0275c32bac974d106907b</md5>
    <crc32>11cf1de5</crc32>
    <sha1>73ee02c651e59d1a394afcff9df951c04decea36</sha1>
    <height>0</height>
    <width>0</width>
  </file>
  <file name="Windows XP Pop-up Blocked.wav" source="original">
    <mtime>1570742780</mtime>
    <size>29444</size>
    <md5>12be3833764f37d1ba31350935e3fa2a</md5>
    <crc32>32fa1858</crc32>
    <sha1>b984b53ad3fccf3748f8ff7d045f243cd509038b</sha1>
    <format>WAVE</format>
    <length>0.17</length>
    <height>0</height>
    <width>0</width>
    <track>31</track>
  </file>
  <file name="Windows XP Print complete.mp3" source="derivative">
    <bitrate>79.2</bitrate>
    <length>00:01</length>
    <format>VBR MP3</format>
    <original>Windows XP Print complete.wav</original>
    <mtime>1570742863</mtime>
    <size>11475</size>
    <md5>ec0583e318a58ded9d5679f828cea8ef</md5>
    <crc32>28121ca7</crc32>
    <sha1>d7750f42ed9a9cd223a801a9a170cf34a8610dd6</sha1>
    <height>0</height>
    <width>0</width>
  </file>
  <file name="Windows XP Print complete.wav" source="original">
    <mtime>1570742783</mtime>
    <size>43762</size>
    <md5>f954385c8e996eccaa13cefe8cbcaf2a</md5>
    <crc32>c11be7b1</crc32>
    <sha1>e059c9ad3129cf2ad11413dd67806e89d7b356d4</sha1>
    <format>WAVE</format>
    <length>0.99</length>
    <height>0</height>
    <width>0</width>
    <track>32</track>
  </file>
  <file name="Windows XP Recycle.mp3" source="derivative">
    <bitrate>87</bitrate>
    <length>00:00</length>
    <format>VBR MP3</format>
    <original>Windows XP Recycle.wav</original>
    <mtime>1570742888</mtime>
    <size>7376</size>
    <md5>0f6421abdf776fd0aeeb49eb833163d5</md5>
    <crc32>dcd81a3a</crc32>
    <sha1>067a315648d15ba5bd18c8fdb6c831d77a3961ca</sha1>
    <height>0</height>
    <width>0</width>
  </file>
  <file name="Windows XP Recycle.wav" source="original">
    <mtime>1570742786</mtime>
    <size>22816</size>
    <md5>2d88d18dbf9ccd69b71eb3120bbf5ed2</md5>
    <crc32>d6fed483</crc32>
    <sha1>b0895f7f021a612a0522938efaed0b8e03ef13c4</sha1>
    <format>WAVE</format>
    <length>0.52</length>
    <height>0</height>
    <width>0</width>
    <track>33</track>
  </file>
  <file name="Windows XP Restore.mp3" source="derivative">
    <bitrate>71.4</bitrate>
    <length>00:00</length>
    <format>VBR MP3</format>
    <original>Windows XP Restore.wav</original>
    <mtime>1570742897</mtime>
    <size>5549</size>
    <md5>bc86567e52d00d91dd0ec8ec31538072</md5>
    <crc32>0305d8a8</crc32>
    <sha1>0669ee417218817900f4229f6200e167e01dcc90</sha1>
    <height>0</height>
    <width>0</width>
  </file>
  <file name="Windows XP Restore.wav" source="original">
    <mtime>1570742790</mtime>
    <size>19458</size>
    <md5>ae9b48d3bb2e454ae741e3cb5ca76e3b</md5>
    <crc32>0c2bc568</crc32>
    <sha1>e818316e59e0a59f626b9c508c9b046429eafa9f</sha1>
    <format>WAVE</format>
    <length>0.44</length>
    <height>0</height>
    <width>0</width>
    <track>34</track>
  </file>
  <file name="Windows XP Ringin.mp3" source="derivative">
    <bitrate>78.3</bitrate>
    <length>00:00</length>
    <format>VBR MP3</format>
    <original>Windows XP Ringin.wav</original>
    <mtime>1570742909</mtime>
    <size>10331</size>
    <md5>500ee44bc672fb9abbedca11a9b84309</md5>
    <crc32>58cee7a2</crc32>
    <sha1>807811bcbd6cc030b5f7e014aa1c029bb6842561</sha1>
    <height>0</height>
    <width>0</width>
  </file>
  <file name="Windows XP Ringin.wav" source="original">
    <mtime>1570742793</mtime>
    <size>38930</size>
    <md5>069b44f2bc6b41031df80e81eadb61b9</md5>
    <crc32>a2051fbb</crc32>
    <sha1>e55fc70a6c20084e8c4a00204dfe5b88d5e31c9d</sha1>
    <format>WAVE</format>
    <length>0.88</length>
    <height>0</height>
    <width>0</width>
    <track>35</track>
  </file>
  <file name="Windows XP Ringout.wav" source="original">
    <mtime>1570742797</mtime>
    <size>22070</size>
    <md5>b7bdde53679d0c11c8dd1b5bbe7d252a</md5>
    <crc32>219692cb</crc32>
    <sha1>195b22dbf511597ffe4770b6a630d601b998f0a9</sha1>
    <format>WAVE</format>
    <length>0.5</length>
    <height>0</height>
    <width>0</width>
    <track>36</track>
  </file>
  <file name="Windows XP Shutdown.wav" source="original">
    <mtime>1570742801</mtime>
    <size>282608</size>
    <md5>6dda0cd0596b2a5a5fabb3ce93cda8a6</md5>
    <crc32>c02abf0e</crc32>
    <sha1>87f2bdad65894b840be0924266bce44584f1b7fe</sha1>
    <format>WAVE</format>
    <length>3.2</length>
    <height>0</height>
    <width>0</width>
    <track>37</track>
  </file>
  <file name="Windows XP Start.mp3" source="derivative">
    <bitrate>114</bitrate>
    <length>00:00</length>
    <format>VBR MP3</format>
    <original>Windows XP Start.wav</original>
    <mtime>1570742876</mtime>
    <size>2603</size>
    <md5>e892ead84d3c7852c82a25880d09e717</md5>
    <crc32>98c10dac</crc32>
    <sha1>0835d842bd010697fbd947f18dab30cb92dc2cc1</sha1>
    <height>0</height>
    <width>0</width>
  </file>
  <file name="Windows XP Start.wav" source="original">
    <mtime>1570742804</mtime>
    <size>2202</size>
    <md5>c2e5a28d15ada7bbff5f039c4c55dea3</md5>
    <crc32>7c115b8a</crc32>
    <sha1>fb33fd00711440b9d0f3b3d526a753ed75640797</sha1>
    <format>WAVE</format>
    <length>0.05</length>
    <height>0</height>
    <width>0</width>
    <track>38</track>
  </file>
  <file name="Windows XP Startup.mp3" source="derivative">
    <bitrate>131</bitrate>
    <length>00:04</length>
    <format>VBR MP3</format>
    <original>Windows XP Startup.wav</original>
    <mtime>1570742884</mtime>
    <size>81126</size>
    <md5>146f771ef81e9d5bf0d4430c51edccd9</md5>
    <crc32>3f6c3d79</crc32>
    <sha1>46facb848a49d17f46c80c77f8d0dcec4ba4407b</sha1>
    <height>0</height>
    <width>0</width>
  </file>
  <file name="Windows XP Startup.wav" source="original">
    <mtime>1570742809</mtime>
    <size>424644</size>
    <md5>dde597ffd855f89de33951973426a3cb</md5>
    <crc32>100c35f2</crc32>
    <sha1>af029a9b07dddc2ad7d42df2108c70de5cce5068</sha1>
    <format>WAVE</format>
    <length>4.81</length>
    <height>0</height>
    <width>0</width>
    <track>39</track>
  </file>
  <file name="chimes.mp3" source="derivative">
    <bitrate>140</bitrate>
    <length>00:00</length>
    <format>VBR MP3</format>
    <original>chimes.wav</original>
    <mtime>1570742917</mtime>
    <size>13473</size>
    <md5>6b0f660594c0570c667ea01a6acc68d6</md5>
    <crc32>0ea4067a</crc32>
    <sha1>fe719738feca1fad2f8fa302f640ae8d4d1022de</sha1>
    <height>0</height>
    <width>0</width>
  </file>
  <file name="chimes.wav" source="original">
    <mtime>1570742610</mtime>
    <size>55776</size>
    <md5>0aef5d6721bc998b048d02b2474467d8</md5>
    <crc32>dc9bcd6b</crc32>
    <sha1>055e0ac62643c042c1739c3374cc5788f747442c</sha1>
    <format>WAVE</format>
    <length>0.63</length>
    <height>0</height>
    <width>0</width>
    <track>01</track>
  </file>
  <file name="chord.mp3" source="derivative">
    <bitrate>123</bitrate>
    <length>00:01</length>
    <format>VBR MP3</format>
    <original>chord.wav</original>
    <mtime>1570742891</mtime>
    <size>19148</size>
    <md5>fab8a91a266ed6cbe19fdf492769b56e</md5>
    <crc32>01715f34</crc32>
    <sha1>76ebafda5e9ea671481150bc3cc853eb77197eaf</sha1>
    <height>0</height>
    <width>0</width>
  </file>
  <file name="chord.wav" source="original">
    <mtime>1570742636</mtime>
    <size>97016</size>
    <md5>0193cf80fb51ab167a59df8106e08e77</md5>
    <crc32>7242c8da</crc32>
    <sha1>c835196c12d2b3260a08d511f206b3aff5597f77</sha1>
    <format>WAVE</format>
    <length>1.1</length>
    <height>0</height>
    <width>0</width>
    <track>02</track>
  </file>
  <file name="ding.mp3" source="derivative">
    <bitrate>102</bitrate>
    <length>00:00</length>
    <format>VBR MP3</format>
    <original>ding.wav</original>
    <mtime>1570742872</mtime>
    <size>13829</size>
    <md5>45a89af22b2033385e1a83297142fdc8</md5>
    <crc32>31778973</crc32>
    <sha1>d3b47cfd5e3fa9b6eaa0c728e04a94b5991e6928</sha1>
    <height>0</height>
    <width>0</width>
  </file>
  <file name="ding.wav" source="original">
    <mtime>1570742640</mtime>
    <size>80856</size>
    <md5>18e639792d3767436ac6955eb60e4f54</md5>
    <crc32>1a6e8baf</crc32>
    <sha1>e0b512cf108118af5169946c7fbee493443b13bf</sha1>
    <format>WAVE</format>
    <length>0.92</length>
    <height>0</height>
    <width>0</width>
    <track>03</track>
  </file>
  <file name="flourish.mid" source="original">
    <mtime>1570742643</mtime>
    <size>24253</size>
    <md5>11d22c5ac84a15b62e425b3132e7cd39</md5>
    <crc32>e3dbc38c</crc32>
    <sha1>02bb7a0cedd058d98bbf8754c280f527abc71639</sha1>
    <format>MIDI</format>
  </file>
  <file name="notify.mp3" source="derivative">
    <bitrate>116</bitrate>
    <length>00:01</length>
    <format>VBR MP3</format>
    <original>notify.wav</original>
    <mtime>1570742904</mtime>
    <size>21576</size>
    <md5>f9cae5cc00138c6f3fa21a1e8d856c4d</md5>
    <crc32>9d562f11</crc32>
    <sha1>a51499b239e55b1d3a259c624afd34d217d2657d</sha1>
    <height>0</height>
    <width>0</width>
  </file>
  <file name="notify.wav" source="original">
    <mtime>1570742647</mtime>
    <size>119384</size>
    <md5>108025b17f67e61946df5d7fbf713cdb</md5>
    <crc32>5d40ae0f</crc32>
    <sha1>dbe5f5afd64c0d8606a571e272a35ee587968185</sha1>
    <format>WAVE</format>
    <length>1.35</length>
    <height>0</height>
    <width>0</width>
    <track>04</track>
  </file>
  <file name="onestop.mid" source="original">
    <mtime>1570742651</mtime>
    <size>40075</size>
    <md5>17b25dd3f251529dcde8fe4c2381cb48</md5>
    <crc32>2ffac42a</crc32>
    <sha1>bb4192ebfc34d1d8abd552d11f5458e282677af2</sha1>
    <format>MIDI</format>
  </file>
  <file name="recycle.wav" source="original">
    <mtime>1570742655</mtime>
    <size>25434</size>
    <md5>774c029c9fed208f1d21f8f35ba323a9</md5>
    <crc32>75b3486f</crc32>
    <sha1>620bb5e13d93314c456c2aedf39367b5d1d44811</sha1>
    <format>WAVE</format>
    <length>0.57</length>
    <height>0</height>
    <width>0</width>
    <track>05</track>
  </file>
  <file name="ringin.mp3" source="derivative">
    <bitrate>41.9</bitrate>
    <length>00:01</length>
    <format>VBR MP3</format>
    <original>ringin.wav</original>
    <mtime>1570742878</mtime>
    <size>6600</size>
    <md5>3d2782071a5ce9a250f35546bcdaa8df</md5>
    <crc32>a0a46347</crc32>
    <sha1>e4c3b7fee4b6dd64018dc845f3351f12d5fd8c7a</sha1>
    <height>0</height>
    <width>0</width>
  </file>
  <file name="ringin.wav" source="original">
    <mtime>1570742658</mtime>
    <size>10026</size>
    <md5>5549af0cbb0cc2f1ab1a1dd52ac3531e</md5>
    <crc32>e9aed4af</crc32>
    <sha1>22e51923c9365edb643b68afbc8c44d0da25112a</sha1>
    <format>WAVE</format>
    <length>0.91</length>
    <height>0</height>
    <width>0</width>
    <track>06</track>
  </file>
  <file name="ringout.mp3" source="derivative">
    <bitrate>42.1</bitrate>
    <length>00:00</length>
    <format>VBR MP3</format>
    <original>ringout.wav</original>
    <mtime>1570742869</mtime>
    <size>4143</size>
    <md5>b33ed1bfd2c5b4757ea6d1d064e68b59</md5>
    <crc32>98caafc5</crc32>
    <sha1>0f220abe0b0daebb399ef0b91cadf5dc5cb66d70</sha1>
    <height>0</height>
    <width>0</width>
  </file>
  <file name="ringout.wav" source="original">
    <mtime>1570742662</mtime>
    <size>5212</size>
    <md5>dd1a8be4ddf91f51bb49d7360eef532d</md5>
    <crc32>b82e697e</crc32>
    <sha1>c878c6229c0b0cd5a7983f69254b33386f550cae</sha1>
    <format>WAVE</format>
    <length>0.47</length>
    <height>0</height>
    <width>0</width>
    <track>07</track>
  </file>
  <file name="start.mp3" source="derivative">
    <bitrate>130</bitrate>
    <length>00:00</length>
    <format>VBR MP3</format>
    <original>start.wav</original>
    <mtime>1570742880</mtime>
    <size>2835</size>
    <md5>801d683c28e90e7b8c6644aa87a01943</md5>
    <crc32>d013fb07</crc32>
    <sha1>69d5de186e2e234f1ccb39bf4ba5a9e3f88c759e</sha1>
    <height>0</height>
    <width>0</width>
  </file>
  <file name="start.wav" source="original">
    <mtime>1570742682</mtime>
    <size>1192</size>
    <md5>fb45431715e37c47a5cae5dc37e8039e</md5>
    <crc32>5a2e4d47</crc32>
    <sha1>b4d4cd0ff351f74724fa38a85a149f829592bb22</sha1>
    <format>WAVE</format>
    <length>0.05</length>
    <height>0</height>
    <width>0</width>
    <track>08</track>
  </file>
  <file name="tada.mp3" source="derivative">
    <bitrate>132</bitrate>
    <length>00:02</length>
    <format>VBR MP3</format>
    <original>tada.wav</original>
    <mtime>1570742882</mtime>
    <size>34254</size>
    <md5>2ed7655b8791615a33815c469812743c</md5>
    <crc32>c8e64260</crc32>
    <sha1>4a594218e3ab8fe586acb7a70ca21f56f6eb7e2c</sha1>
    <height>0</height>
    <width>0</width>
  </file>
  <file name="tada.wav" source="original">
    <mtime>1570742687</mtime>
    <size>171100</size>
    <md5>1f30373a52de55d0d07a4422299b2522</md5>
    <crc32>5f1ef884</crc32>
    <sha1>d2c87ebe888d3377a74dea4252cc201e94de00f6</sha1>
    <format>WAVE</format>
    <length>1.94</length>
    <height>0</height>
    <width>0</width>
    <track>09</track>
  </file>
  <file name="town.mid" source="original">
    <mtime>1570742691</mtime>
    <size>22097</size>
    <md5>14da05aec136c2db3149fa4cf11a45e6</md5>
    <crc32>55fb09c4</crc32>
    <sha1>7631bfe5e24f193869604ead2529fe16729cbf16</sha1>
    <format>MIDI</format>
  </file>
  <file name="windowsxpstartup_201910_archive.torrent" source="metadata">
    <btih>f29dabe02e4452e5f13ed568e16e971a479cc900</btih>
    <mtime>1613798026</mtime>
    <size>14755</size>
    <md5>d98f979f75e70650b3d3a362ae63863a</md5>
    <crc32>5a286b8b</crc32>
    <sha1>d17a8303f6bef015b05bbc64c350ddf5250ce5dd</sha1>
    <format>Archive BitTorrent</format>
  </file>
  <file name="windowsxpstartup_201910_files.xml" source="original">
    <format>Metadata</format>
    <md5>b174fd87020a9fbe808db70ce2c3d676</md5>
    <summation>md5</summation>
  </file>
  <file name="windowsxpstartup_201910_meta.sqlite" source="original">
    <mtime>1570742813</mtime>
    <size>100352</size>
    <format>Metadata</format>
    <md5>9d6f4ab760e5fc6058a544fdd5949b44</md5>
    <crc32>3262c19b</crc32>
    <sha1>661d394884c9b6fc2d568329c24495649b9fd399</sha1>
  </file>
  <file name="windowsxpstartup_201910_meta.xml" source="original">
    <mtime>1613090726</mtime>
    <size>951</size>
    <format>Metadata</format>
    <md5>5ffbdb486a44cbddd278a40823c24508</md5>
    <crc32>a7383cb6</crc32>
    <sha1>0c1c7367d874cb6907b9952c6c7b5090ee1a3234</sha1>
  </file>
</files>
